matchup,matchup_short,season,season_type,season_slug,game_id,game_uid,game_date,attendance,status_name,broadcast_market,broadcast_name,tournament_id,start_date,home_team_name,home_team_logo,home_team_abb,home_team_id,home_team_location,home_team_full_name,home_team_color,home_score,home_win,home_record,away_team_name,away_team_logo,away_team_abb,away_team_id,away_team_location,away_team_full_name,away_team_color,away_score,away_win,away_record
Indiana State Sycamores at South Carolina Upstate Spartans,INST @ UPST,2023,3,post-season,401526940,s:40~l:41~e:401526940~c:401526940,2023-03-18T15:00Z,0,STATUS_FINAL,NA,NA,11,2023-03-18T15:00Z,Spartans,https://a.espncdn.com/i/teamlogos/ncaa/500/2908.png,UPST,2908,South Carolina Upstate,South Carolina Upstate Spartans,008545,62,0,16-16,Sycamores,https://a.espncdn.com/i/teamlogos/ncaa/500/282.png,INST,282,Indiana State,Indiana State Sycamores,00669a,67,1,23-12
Southern Utah Thunderbirds at North Alabama Lions,SUU @ UNA,2023,3,post-season,401526942,s:40~l:41~e:401526942~c:401526942,2023-03-18T17:00Z,0,STATUS_FINAL,NA,NA,11,2023-03-18T17:00Z,Lions,https://a.espncdn.com/i/teamlogos/ncaa/500/2453.png,UNA,2453,North Alabama,North Alabama Lions,663399,50,0,18-15,Thunderbirds,https://a.espncdn.com/i/teamlogos/ncaa/500/253.png,SUU,253,Southern Utah,Southern Utah Thunderbirds,c72026,72,1,23-12
San José State Spartans at Southern Indiana Screaming Eagles,SJSU @ USI,2023,3,post-season,401526943,s:40~l:41~e:401526943~c:401526943,2023-03-18T19:30Z,0,STATUS_FINAL,NA,NA,11,2023-03-18T19:30Z,Screaming Eagles,https://a.espncdn.com/i/teamlogos/ncaa/500/88.png,USI,88,Southern Indiana,Southern Indiana Screaming Eagles,NA,52,0,16-17,Spartans,https://a.espncdn.com/i/teamlogos/ncaa/500/23.png,SJSU,23,San José State,San José State Spartans,005893,77,1,21-13
Charlotte 49ers at Western Carolina Catamounts,CHAR @ WCU,2023,3,post-season,401526946,s:40~l:41~e:401526946~c:401526946,2023-03-18T21:40Z,876,STATUS_FINAL,NA,NA,11,2023-03-18T21:40Z,Catamounts,https://a.espncdn.com/i/teamlogos/ncaa/500/2717.png,WCU,2717,Western Carolina,Western Carolina Catamounts,492F91,56,0,18-16,49ers,https://a.espncdn.com/i/teamlogos/ncaa/500/2429.png,CHAR,2429,Charlotte,Charlotte 49ers,ffffff,65,1,19-14
Cleveland State Vikings at Eastern Kentucky Colonels,CLEV @ EKU,2023,3,post-season,401526949,s:40~l:41~e:401526949~c:401526949,2023-03-19T15:00Z,0,STATUS_FINAL,NA,NA,11,2023-03-19T15:00Z,Colonels,https://a.espncdn.com/i/teamlogos/ncaa/500/2198.png,EKU,2198,Eastern Kentucky,Eastern Kentucky Colonels,660819,91,1,21-13,Vikings,https://a.espncdn.com/i/teamlogos/ncaa/500/325.png,CLEV,325,Cleveland State,Cleveland State Vikings,006633,75,0,21-14
Duquesne Dukes at Rice Owls,DUQ @ RICE,2023,3,post-season,401526951,s:40~l:41~e:401526951~c:401526951,2023-03-19T17:30Z,0,STATUS_FINAL,NA,NA,11,2023-03-19T17:30Z,Owls,https://a.espncdn.com/i/teamlogos/ncaa/500/242.png,RICE,242,Rice,Rice Owls,d1d5d8,84,1,19-15,Dukes,https://a.espncdn.com/i/teamlogos/ncaa/500/2184.png,DUQ,2184,Duquesne,Duquesne Dukes,002D62,78,0,20-13
Tarleton Texans at Radford Highlanders,TAR @ RAD,2023,3,post-season,401526954,s:40~l:41~e:401526954~c:401526954,2023-03-19T19:50Z,0,STATUS_FINAL,NA,NA,11,2023-03-19T19:50Z,Highlanders,https://a.espncdn.com/i/teamlogos/ncaa/500/2515.png,RAD,2515,Radford,Radford Highlanders,BC1515,72,1,20-14,Texans,https://a.espncdn.com/i/teamlogos/ncaa/500/2627.png,TAR,2627,Tarleton,Tarleton Texans,000000,70,0,17-17
Stetson Hatters at Milwaukee Panthers,STET @ MILW,2023,3,post-season,401526956,s:40~l:41~e:401526956~c:401526956,2023-03-19T22:30Z,922,STATUS_FINAL,NA,NA,11,2023-03-19T22:30Z,Panthers,https://a.espncdn.com/i/teamlogos/ncaa/500/270.png,MILW,270,Milwaukee,Milwaukee Panthers,000000,87,1,22-11,Hatters,https://a.espncdn.com/i/teamlogos/ncaa/500/56.png,STET,56,Stetson,Stetson Hatters,0a5640,83,0,17-14
Indiana State Sycamores at Eastern Kentucky Colonels,INST @ EKU,2023,3,post-season,401526959,s:40~l:41~e:401526959~c:401526959,2023-03-20T16:00Z,0,STATUS_FINAL,NA,NA,11,2023-03-20T16:00Z,Colonels,https://a.espncdn.com/i/teamlogos/ncaa/500/2198.png,EKU,2198,Eastern Kentucky,Eastern Kentucky Colonels,660819,89,1,22-13,Sycamores,https://a.espncdn.com/i/teamlogos/ncaa/500/282.png,INST,282,Indiana State,Indiana State Sycamores,00669a,88,0,23-13
Southern Utah Thunderbirds at Rice Owls,SUU @ RICE,2023,3,post-season,401526961,s:40~l:41~e:401526961~c:401526961,2023-03-20T18:31Z,0,STATUS_FINAL,NA,NA,11,2023-03-20T18:31Z,Owls,https://a.espncdn.com/i/teamlogos/ncaa/500/242.png,RICE,242,Rice,Rice Owls,d1d5d8,79,0,19-16,Thunderbirds,https://a.espncdn.com/i/teamlogos/ncaa/500/253.png,SUU,253,Southern Utah,Southern Utah Thunderbirds,c72026,81,1,24-12
San José State Spartans at Radford Highlanders,SJSU @ RAD,2023,3,post-season,401526963,s:40~l:41~e:401526963~c:401526963,2023-03-20T20:45Z,0,STATUS_FINAL,NA,NA,11,2023-03-20T20:45Z,Highlanders,https://a.espncdn.com/i/teamlogos/ncaa/500/2515.png,RAD,2515,Radford,Radford Highlanders,BC1515,67,1,21-14,Spartans,https://a.espncdn.com/i/teamlogos/ncaa/500/23.png,SJSU,23,San José State,San José State Spartans,005893,57,0,21-14
Charlotte 49ers at Milwaukee Panthers,CHAR @ MILW,2023,3,post-season,401526966,s:40~l:41~e:401526966~c:401526966,2023-03-20T22:47Z,764,STATUS_FINAL,NA,NA,11,2023-03-20T22:47Z,Panthers,https://a.espncdn.com/i/teamlogos/ncaa/500/270.png,MILW,270,Milwaukee,Milwaukee Panthers,000000,65,0,22-12,49ers,https://a.espncdn.com/i/teamlogos/ncaa/500/2429.png,CHAR,2429,Charlotte,Charlotte 49ers,ffffff,76,1,20-14
Southern Utah Thunderbirds at Eastern Kentucky Colonels,SUU @ EKU,2023,3,post-season,401526969,s:40~l:41~e:401526969~c:401526969,2023-03-21T23:00Z,0,STATUS_FINAL,national,ESPN2,11,2023-03-21T23:00Z,Colonels,https://a.espncdn.com/i/teamlogos/ncaa/500/2198.png,EKU,2198,Eastern Kentucky,Eastern Kentucky Colonels,660819,108,1,23-13,Thunderbirds,https://a.espncdn.com/i/teamlogos/ncaa/500/253.png,SUU,253,Southern Utah,Southern Utah Thunderbirds,c72026,106,0,24-13
Charlotte 49ers at Radford Highlanders,CHAR @ RAD,2023,3,post-season,401526970,s:40~l:41~e:401526970~c:401526970,2023-03-22T01:57Z,962,STATUS_FINAL,national,ESPN2,11,2023-03-22T01:57Z,Highlanders,https://a.espncdn.com/i/teamlogos/ncaa/500/2515.png,RAD,2515,Radford,Radford Highlanders,BC1515,56,0,21-15,49ers,https://a.espncdn.com/i/teamlogos/ncaa/500/2429.png,CHAR,2429,Charlotte,Charlotte 49ers,ffffff,63,1,21-14
Charlotte 49ers at Eastern Kentucky Colonels,CHAR @ EKU,2023,3,post-season,401526973,s:40~l:41~e:401526973~c:401526973,2023-03-22T21:00Z,771,STATUS_FINAL,national,ESPN2,11,2023-03-22T21:00Z,Colonels,https://a.espncdn.com/i/teamlogos/ncaa/500/2198.png,EKU,2198,Eastern Kentucky,Eastern Kentucky Colonels,660819,68,0,23-14,49ers,https://a.espncdn.com/i/teamlogos/ncaa/500/2429.png,CHAR,2429,Charlotte,Charlotte 49ers,ffffff,71,1,22-14
Southeast Missouri State Redhawks at Texas A&M-Corpus Christi Islanders,SEMO @ AMCC,2023,3,post-season,401522117,s:40~l:41~e:401522117~c:401522117,2023-03-14T22:40Z,0,STATUS_FINAL,national,truTV,22,2023-03-14T22:40Z,Islanders,https://a.espncdn.com/i/teamlogos/ncaa/500/357.png,AMCC,357,Texas A&M-Corpus Christi,Texas A&M-Corpus Christi Islanders,00639c,75,1,24-10,Redhawks,https://a.espncdn.com/i/teamlogos/ncaa/500/2546.png,SEMO,2546,Southeast Missouri State,Southeast Missouri State Redhawks,cc0000,71,0,19-17
Pittsburgh Panthers at Mississippi State Bulldogs,PITT @ MSST,2023,3,post-season,401522116,s:40~l:41~e:401522116~c:401522116,2023-03-15T01:34Z,12453,STATUS_FINAL,national,truTV,22,2023-03-15T01:34Z,Bulldogs,https://a.espncdn.com/i/teamlogos/ncaa/500/344.png,MSST,344,Mississippi State,Mississippi State Bulldogs,762123,59,0,21-13,Panthers,https://a.espncdn.com/i/teamlogos/ncaa/500/221.png,PITT,221,Pittsburgh,Pittsburgh Panthers,003263,60,1,23-11
Fairleigh Dickinson Knights at Texas Southern Tigers,FDU @ TXSO,2023,3,post-season,401522118,s:40~l:41~e:401522118~c:401522118,2023-03-15T22:40Z,0,STATUS_FINAL,national,truTV,22,2023-03-15T22:40Z,Tigers,https://a.espncdn.com/i/teamlogos/ncaa/500/2640.png,TXSO,2640,Texas Southern,Texas Southern Tigers,6A0403,61,0,14-21,Knights,https://a.espncdn.com/i/teamlogos/ncaa/500/161.png,FDU,161,Fairleigh Dickinson,Fairleigh Dickinson Knights,28334a,84,1,20-15
Nevada Wolf Pack at Arizona State Sun Devils,NEV @ ASU,2023,3,post-season,401522119,s:40~l:41~e:401522119~c:401522119,2023-03-16T01:10Z,12431,STATUS_FINAL,national,truTV,22,2023-03-16T01:10Z,Sun Devils,https://a.espncdn.com/i/teamlogos/ncaa/500/9.png,ASU,9,Arizona State,Arizona State Sun Devils,942139,98,1,23-12,Wolf Pack,https://a.espncdn.com/i/teamlogos/ncaa/500/2440.png,NEV,2440,Nevada,Nevada Wolf Pack,153E5F,73,0,22-11
Texas A&M-Corpus Christi Islanders at Alabama Crimson Tide,AMCC @ ALA,2023,3,post-season,401522123,s:40~l:41~e:401522123~c:401522123,2023-03-16T19:15Z,15126,STATUS_FINAL,national,CBS,22,2023-03-16T19:15Z,Crimson Tide,https://a.espncdn.com/i/teamlogos/ncaa/500/333.png,ALA,333,Alabama,Alabama Crimson Tide,9e1632,96,1,30-5,Islanders,https://a.espncdn.com/i/teamlogos/ncaa/500/357.png,AMCC,357,Texas A&M-Corpus Christi,Texas A&M-Corpus Christi Islanders,00639c,75,0,24-11
Northern Kentucky Norse at Houston Cougars,NKU @ HOU,2023,3,post-season,401522121,s:40~l:41~e:401522121~c:401522121,2023-03-17T01:39Z,15154,STATUS_FINAL,national,TNT,22,2023-03-17T01:39Z,Cougars,https://a.espncdn.com/i/teamlogos/ncaa/500/248.png,HOU,248,Houston,Houston Cougars,c92a39,63,1,32-3,Norse,https://a.espncdn.com/i/teamlogos/ncaa/500/94.png,NKU,94,Northern Kentucky,Northern Kentucky Norse,ffc82e,52,0,22-13
Howard Bison at Kansas Jayhawks,HOW @ KU,2023,3,post-season,401522125,s:40~l:41~e:401522125~c:401522125,2023-03-16T18:00Z,0,STATUS_FINAL,national,TBS,22,2023-03-16T18:00Z,Jayhawks,https://a.espncdn.com/i/teamlogos/ncaa/500/2305.png,KU,2305,Kansas,Kansas Jayhawks,0051ba,96,1,28-7,Bison,https://a.espncdn.com/i/teamlogos/ncaa/500/47.png,HOW,47,Howard,Howard Bison,003a63,68,0,22-13
Colgate Raiders at Texas Longhorns,COLG @ TEX,2023,3,post-season,401522124,s:40~l:41~e:401522124~c:401522124,2023-03-16T23:50Z,0,STATUS_FINAL,national,TBS,22,2023-03-16T23:50Z,Longhorns,https://a.espncdn.com/i/teamlogos/ncaa/500/251.png,TEX,251,Texas,Texas Longhorns,c15d26,81,1,27-8,Raiders,https://a.espncdn.com/i/teamlogos/ncaa/500/2142.png,COLG,2142,Colgate,Colgate Raiders,8B011D,61,0,26-9
UNC Asheville Bulldogs at UCLA Bruins,UNCA @ UCLA,2023,3,post-season,401522132,s:40~l:41~e:401522132~c:401522132,2023-03-17T02:11Z,14527,STATUS_FINAL,national,truTV,22,2023-03-17T02:11Z,Bruins,https://a.espncdn.com/i/teamlogos/ncaa/500/26.png,UCLA,26,UCLA,UCLA Bruins,2774ae,86,1,30-5,Bulldogs,https://a.espncdn.com/i/teamlogos/ncaa/500/2427.png,UNCA,2427,UNC Asheville,UNC Asheville Bulldogs,003da5,53,0,27-8
Princeton Tigers at Arizona Wildcats,PRIN @ ARIZ,2023,3,post-season,401522134,s:40~l:41~e:401522134~c:401522134,2023-03-16T20:10Z,14896,STATUS_FINAL,national,TNT,22,2023-03-16T20:10Z,Wildcats,https://a.espncdn.com/i/teamlogos/ncaa/500/12.png,ARIZ,12,Arizona,Arizona Wildcats,0c234b,55,0,28-7,Tigers,https://a.espncdn.com/i/teamlogos/ncaa/500/163.png,PRIN,163,Princeton,Princeton Tigers,ff9408,59,1,22-8
Oral Roberts Golden Eagles at Duke Blue Devils,ORU @ DUKE,2023,3,post-season,401522128,s:40~l:41~e:401522128~c:401522128,2023-03-16T23:10Z,0,STATUS_FINAL,national,CBS,22,2023-03-16T23:10Z,Blue Devils,https://a.espncdn.com/i/teamlogos/ncaa/500/150.png,DUKE,150,Duke,Duke Blue Devils,013088,74,1,27-8,Golden Eagles,https://a.espncdn.com/i/teamlogos/ncaa/500/198.png,ORU,198,Oral Roberts,Oral Roberts Golden Eagles,002462,51,0,30-5
Furman Paladins at Virginia Cavaliers,FUR @ UVA,2023,3,post-season,401522130,s:40~l:41~e:401522130~c:401522130,2023-03-16T16:40Z,0,STATUS_FINAL,national,truTV,22,2023-03-16T16:40Z,Cavaliers,https://a.espncdn.com/i/teamlogos/ncaa/500/258.png,UVA,258,Virginia,Virginia Cavaliers,f84c1e,67,0,25-8,Paladins,https://a.espncdn.com/i/teamlogos/ncaa/500/231.png,FUR,231,Furman,Furman Paladins,582c83,68,1,28-7
Penn State Nittany Lions at Texas A&M Aggies,PSU @ TA&M,2023,3,post-season,401522127,s:40~l:41~e:401522127~c:401522127,2023-03-17T02:15Z,16728,STATUS_FINAL,national,TBS,22,2023-03-17T02:15Z,Aggies,https://a.espncdn.com/i/teamlogos/ncaa/500/245.png,TA&M,245,Texas A&M,Texas A&M Aggies,5C0025,59,0,25-10,Nittany Lions,https://a.espncdn.com/i/teamlogos/ncaa/500/213.png,PSU,213,Penn State,Penn State Nittany Lions,00265D,76,1,23-13
Charleston Cougars at San Diego State Aztecs,COFC @ SDSU,2023,3,post-season,401522131,s:40~l:41~e:401522131~c:401522131,2023-03-16T19:25Z,15650,STATUS_FINAL,national,truTV,22,2023-03-16T19:25Z,Aztecs,https://a.espncdn.com/i/teamlogos/ncaa/500/21.png,SDSU,21,San Diego State,San Diego State Aztecs,BF2C37,63,1,28-6,Cougars,https://a.espncdn.com/i/teamlogos/ncaa/500/232.png,COFC,232,Charleston,Charleston Cougars,9c8456,57,0,31-4
Louisiana Ragin' Cajuns at Tennessee Volunteers,UL @ TENN,2023,3,post-season,401522129,s:40~l:41~e:401522129~c:401522129,2023-03-17T01:40Z,18018,STATUS_FINAL,national,CBS,22,2023-03-17T01:40Z,Volunteers,https://a.espncdn.com/i/teamlogos/ncaa/500/2633.png,TENN,2633,Tennessee,Tennessee Volunteers,ff8200,58,1,24-10,Ragin' Cajuns,https://a.espncdn.com/i/teamlogos/ncaa/500/309.png,UL,309,Louisiana,Louisiana Ragin' Cajuns,ce2842,55,0,26-8
Utah State Aggies at Missouri Tigers,USU @ MIZ,2023,3,post-season,401522135,s:40~l:41~e:401522135~c:401522135,2023-03-16T17:40Z,0,STATUS_FINAL,national,TNT,22,2023-03-16T17:40Z,Tigers,https://a.espncdn.com/i/teamlogos/ncaa/500/142.png,MIZ,142,Missouri,Missouri Tigers,f1b82d,76,1,25-9,Aggies,https://a.espncdn.com/i/teamlogos/ncaa/500/328.png,USU,328,Utah State,Utah State Aggies,00263a,65,0,26-9
West Virginia Mountaineers at Maryland Terrapins,WVU @ MD,2023,3,post-season,401522122,s:40~l:41~e:401522122~c:401522122,2023-03-16T16:15Z,0,STATUS_FINAL,national,CBS,22,2023-03-16T16:15Z,Terrapins,https://a.espncdn.com/i/teamlogos/ncaa/500/120.png,MD,120,Maryland,Maryland Terrapins,D5002B,67,1,22-12,Mountaineers,https://a.espncdn.com/i/teamlogos/ncaa/500/277.png,WVU,277,West Virginia,West Virginia Mountaineers,FFC600,65,0,19-15
Illinois Fighting Illini at Arkansas Razorbacks,ILL @ ARK,2023,3,post-season,401522126,s:40~l:41~e:401522126~c:401522126,2023-03-16T20:34Z,16745,STATUS_FINAL,national,TBS,22,2023-03-16T20:34Z,Razorbacks,https://a.espncdn.com/i/teamlogos/ncaa/500/8.png,ARK,8,Arkansas,Arkansas Razorbacks,a41f35,73,1,21-13,Fighting Illini,https://a.espncdn.com/i/teamlogos/ncaa/500/356.png,ILL,356,Illinois,Illinois Fighting Illini,ff5f05,63,0,20-13
Auburn Tigers at Iowa Hawkeyes,AUB @ IOWA,2023,3,post-season,401522120,s:40~l:41~e:401522120~c:401522120,2023-03-16T22:50Z,0,STATUS_FINAL,national,TNT,22,2023-03-16T22:50Z,Hawkeyes,https://a.espncdn.com/i/teamlogos/ncaa/500/2294.png,IOWA,2294,Iowa,Iowa Hawkeyes,000000,75,0,19-14,Tigers,https://a.espncdn.com/i/teamlogos/ncaa/500/2.png,AUB,2,Auburn,Auburn Tigers,03244d,83,1,21-12
Boise State Broncos at Northwestern Wildcats,BOIS @ NU,2023,3,post-season,401522133,s:40~l:41~e:401522133~c:401522133,2023-03-16T23:35Z,0,STATUS_FINAL,national,truTV,22,2023-03-16T23:35Z,Wildcats,https://a.espncdn.com/i/teamlogos/ncaa/500/77.png,NU,77,Northwestern,Northwestern Wildcats,582c83,75,1,22-11,Broncos,https://a.espncdn.com/i/teamlogos/ncaa/500/68.png,BOIS,68,Boise State,Boise State Broncos,0033a0,67,0,24-10
Fairleigh Dickinson Knights at Purdue Boilermakers,FDU @ PUR,2023,3,post-season,401522145,s:40~l:41~e:401522145~c:401522145,2023-03-17T22:50Z,0,STATUS_FINAL,national,TNT,22,2023-03-17T22:50Z,Boilermakers,https://a.espncdn.com/i/teamlogos/ncaa/500/2509.png,PUR,2509,Purdue,Purdue Boilermakers,000000,58,0,29-6,Knights,https://a.espncdn.com/i/teamlogos/ncaa/500/161.png,FDU,161,Fairleigh Dickinson,Fairleigh Dickinson Knights,28334a,63,1,21-15
Vermont Catamounts at Marquette Golden Eagles,UVM @ MARQ,2023,3,post-season,401522141,s:40~l:41~e:401522141~c:401522141,2023-03-17T18:51Z,19564,STATUS_FINAL,national,CBS,22,2023-03-17T18:51Z,Golden Eagles,https://a.espncdn.com/i/teamlogos/ncaa/500/269.png,MARQ,269,Marquette,Marquette Golden Eagles,083963,78,1,29-6,Catamounts,https://a.espncdn.com/i/teamlogos/ncaa/500/261.png,UVM,261,Vermont,Vermont Catamounts,154734,61,0,23-11
Grand Canyon Lopes at Gonzaga Bulldogs,GCU @ GONZ,2023,3,post-season,401522148,s:40~l:41~e:401522148~c:401522148,2023-03-17T23:35Z,0,STATUS_FINAL,national,truTV,22,2023-03-17T23:35Z,Bulldogs,https://a.espncdn.com/i/teamlogos/ncaa/500/2250.png,GONZ,2250,Gonzaga,Gonzaga Bulldogs,041e42,82,1,29-5,Lopes,https://a.espncdn.com/i/teamlogos/ncaa/500/2253.png,GCU,2253,Grand Canyon,Grand Canyon Lopes,522398,70,0,24-12
Iona Gaels at UConn Huskies,IONA @ CONN,2023,3,post-season,401522136,s:40~l:41~e:401522136~c:401522136,2023-03-17T20:45Z,14010,STATUS_FINAL,national,TBS,22,2023-03-17T20:45Z,Huskies,https://a.espncdn.com/i/teamlogos/ncaa/500/41.png,CONN,41,UConn,UConn Huskies,0c2340,87,1,26-8,Gaels,https://a.espncdn.com/i/teamlogos/ncaa/500/314.png,IONA,314,Iona,Iona Gaels,6f2c3e,63,0,27-8
UC Santa Barbara Gauchos at Baylor Bears,UCSB @ BAY,2023,3,post-season,401522151,s:40~l:41~e:401522151~c:401522151,2023-03-17T17:30Z,0,STATUS_FINAL,national,TNT,22,2023-03-17T17:30Z,Bears,https://a.espncdn.com/i/teamlogos/ncaa/500/239.png,BAY,239,Baylor,Baylor Bears,154734,74,1,23-10,Gauchos,https://a.espncdn.com/i/teamlogos/ncaa/500/2540.png,UCSB,2540,UC Santa Barbara,UC Santa Barbara Gauchos,1D1160,56,0,27-8
Kennesaw State Owls at Xavier Musketeers,KENN @ XAV,2023,3,post-season,401522156,s:40~l:41~e:401522156~c:401522156,2023-03-17T16:40Z,0,STATUS_FINAL,national,truTV,22,2023-03-17T16:40Z,Musketeers,https://a.espncdn.com/i/teamlogos/ncaa/500/2752.png,XAV,2752,Xavier,Xavier Musketeers,002144,72,1,26-9,Owls,https://a.espncdn.com/i/teamlogos/ncaa/500/338.png,KENN,338,Kennesaw State,Kennesaw State Owls,000000,67,0,26-9
Montana State Bobcats at Kansas State Wildcats,MTST @ KSU,2023,3,post-season,401522153,s:40~l:41~e:401522153~c:401522153,2023-03-18T01:55Z,17150,STATUS_FINAL,national,CBS,22,2023-03-18T01:55Z,Wildcats,https://a.espncdn.com/i/teamlogos/ncaa/500/2306.png,KSU,2306,Kansas State,Kansas State Wildcats,633194,77,1,24-9,Bobcats,https://a.espncdn.com/i/teamlogos/ncaa/500/147.png,MTST,147,Montana State,Montana State Bobcats,00205c,65,0,25-10
Drake Bulldogs at Miami Hurricanes,DRKE @ MIA,2023,3,post-season,401522139,s:40~l:41~e:401522139~c:401522139,2023-03-17T23:55Z,0,STATUS_FINAL,national,TBS,22,2023-03-17T23:55Z,Hurricanes,https://a.espncdn.com/i/teamlogos/ncaa/500/2390.png,MIA,2390,Miami,Miami Hurricanes,004325,63,1,26-7,Bulldogs,https://a.espncdn.com/i/teamlogos/ncaa/500/2181.png,DRKE,2181,Drake,Drake Bulldogs,004477,56,0,27-8
VCU Rams at Saint Mary's Gaels,VCU @ SMC,2023,3,post-season,401522137,s:40~l:41~e:401522137~c:401522137,2023-03-17T18:00Z,0,STATUS_FINAL,national,TBS,22,2023-03-17T18:00Z,Gaels,https://a.espncdn.com/i/teamlogos/ncaa/500/2608.png,SMC,2608,Saint Mary's,Saint Mary's Gaels,d80024,63,1,27-7,Rams,https://a.espncdn.com/i/teamlogos/ncaa/500/2670.png,VCU,2670,VCU,VCU Rams,929292,51,0,27-8
Kent State Golden Flashes at Indiana Hoosiers,KENT @ IU,2023,3,post-season,401522138,s:40~l:41~e:401522138~c:401522138,2023-03-18T02:35Z,13989,STATUS_FINAL,national,TBS,22,2023-03-18T02:35Z,Hoosiers,https://a.espncdn.com/i/teamlogos/ncaa/500/84.png,IU,84,Indiana,Indiana Hoosiers,990000,71,1,23-11,Golden Flashes,https://a.espncdn.com/i/teamlogos/ncaa/500/2309.png,KENT,2309,Kent State,Kent State Golden Flashes,002445,60,0,28-7
Arizona State Sun Devils at TCU Horned Frogs,ASU @ TCU,2023,3,post-season,401522149,s:40~l:41~e:401522149~c:401522149,2023-03-18T02:05Z,19152,STATUS_FINAL,national,truTV,22,2023-03-18T02:05Z,Horned Frogs,https://a.espncdn.com/i/teamlogos/ncaa/500/2628.png,TCU,2628,TCU,TCU Horned Frogs,4d1979,72,1,22-12,Sun Devils,https://a.espncdn.com/i/teamlogos/ncaa/500/9.png,ASU,9,Arizona State,Arizona State Sun Devils,942139,70,0,23-13
Florida Atlantic Owls at Memphis Tigers,FAU @ MEM,2023,3,post-season,401522144,s:40~l:41~e:401522144~c:401522144,2023-03-18T01:44Z,19564,STATUS_FINAL,national,TNT,22,2023-03-18T01:44Z,Tigers,https://a.espncdn.com/i/teamlogos/ncaa/500/235.png,MEM,235,Memphis,Memphis Tigers,004991,65,0,26-9,Owls,https://a.espncdn.com/i/teamlogos/ncaa/500/2226.png,FAU,2226,Florida Atlantic,Florida Atlantic Owls,004B85,66,1,32-3
USC Trojans at Michigan State Spartans,USC @ MSU,2023,3,post-season,401522142,s:40~l:41~e:401522142~c:401522142,2023-03-17T16:15Z,0,STATUS_FINAL,national,CBS,22,2023-03-17T16:15Z,Spartans,https://a.espncdn.com/i/teamlogos/ncaa/500/127.png,MSU,127,Michigan State,Michigan State Spartans,18453B,72,1,20-12,Trojans,https://a.espncdn.com/i/teamlogos/ncaa/500/30.png,USC,30,USC,USC Trojans,9e2237,62,0,22-11
Pittsburgh Panthers at Iowa State Cyclones,PITT @ ISU,2023,3,post-season,401522157,s:40~l:41~e:401522157~c:401522157,2023-03-17T19:30Z,16150,STATUS_FINAL,national,truTV,22,2023-03-17T19:30Z,Cyclones,https://a.espncdn.com/i/teamlogos/ncaa/500/66.png,ISU,66,Iowa State,Iowa State Cyclones,822433,41,0,19-14,Panthers,https://a.espncdn.com/i/teamlogos/ncaa/500/221.png,PITT,221,Pittsburgh,Pittsburgh Panthers,003263,59,1,24-11
NC State Wolfpack at Creighton Bluejays,NCST @ CREI,2023,3,post-season,401522152,s:40~l:41~e:401522152~c:401522152,2023-03-17T19:56Z,19149,STATUS_FINAL,national,TNT,22,2023-03-17T19:56Z,Bluejays,https://a.espncdn.com/i/teamlogos/ncaa/500/156.png,CREI,156,Creighton,Creighton Bluejays,13299e,72,1,22-12,Wolfpack,https://a.espncdn.com/i/teamlogos/ncaa/500/152.png,NCST,152,NC State,NC State Wolfpack,EF1216,63,0,23-11
Providence Friars at Kentucky Wildcats,PROV @ UK,2023,3,post-season,401522154,s:40~l:41~e:401522154~c:401522154,2023-03-17T23:10Z,0,STATUS_FINAL,national,CBS,22,2023-03-17T23:10Z,Wildcats,https://a.espncdn.com/i/teamlogos/ncaa/500/96.png,UK,96,Kentucky,Kentucky Wildcats,005DAA,61,1,22-11,Friars,https://a.espncdn.com/i/teamlogos/ncaa/500/2507.png,PROV,2507,Providence,Providence Friars,000000,53,0,21-12
Maryland Terrapins at Alabama Crimson Tide,MD @ ALA,2023,3,post-season,401522159,s:40~l:41~e:401522159~c:401522159,2023-03-19T02:02Z,15198,STATUS_FINAL,national,TBS,22,2023-03-19T02:02Z,Crimson Tide,https://a.espncdn.com/i/teamlogos/ncaa/500/333.png,ALA,333,Alabama,Alabama Crimson Tide,9e1632,73,1,31-5,Terrapins,https://a.espncdn.com/i/teamlogos/ncaa/500/120.png,MD,120,Maryland,Maryland Terrapins,D5002B,51,0,22-13
Auburn Tigers at Houston Cougars,AUB @ HOU,2023,3,post-season,401522161,s:40~l:41~e:401522161~c:401522161,2023-03-18T23:10Z,0,STATUS_FINAL,national,TBS,22,2023-03-18T23:10Z,Cougars,https://a.espncdn.com/i/teamlogos/ncaa/500/248.png,HOU,248,Houston,Houston Cougars,c92a39,81,1,33-3,Tigers,https://a.espncdn.com/i/teamlogos/ncaa/500/2.png,AUB,2,Auburn,Auburn Tigers,03244d,64,0,21-13
Arkansas Razorbacks at Kansas Jayhawks,ARK @ KU,2023,3,post-season,401522162,s:40~l:41~e:401522162~c:401522162,2023-03-18T21:25Z,0,STATUS_FINAL,national,CBS,22,2023-03-18T21:25Z,Jayhawks,https://a.espncdn.com/i/teamlogos/ncaa/500/2305.png,KU,2305,Kansas,Kansas Jayhawks,0051ba,71,0,28-8,Razorbacks,https://a.espncdn.com/i/teamlogos/ncaa/500/8.png,ARK,8,Arkansas,Arkansas Razorbacks,a41f35,72,1,22-13
Penn State Nittany Lions at Texas Longhorns,PSU @ TEX,2023,3,post-season,401522165,s:40~l:41~e:401522165~c:401522165,2023-03-19T00:17Z,16796,STATUS_FINAL,national,CBS,22,2023-03-19T00:17Z,Longhorns,https://a.espncdn.com/i/teamlogos/ncaa/500/251.png,TEX,251,Texas,Texas Longhorns,c15d26,71,1,28-8,Nittany Lions,https://a.espncdn.com/i/teamlogos/ncaa/500/213.png,PSU,213,Penn State,Penn State Nittany Lions,00265D,66,0,23-14
Northwestern Wildcats at UCLA Bruins,NU @ UCLA,2023,3,post-season,401522169,s:40~l:41~e:401522169~c:401522169,2023-03-19T00:50Z,16806,STATUS_FINAL,national,TNT,22,2023-03-19T00:50Z,Bruins,https://a.espncdn.com/i/teamlogos/ncaa/500/26.png,UCLA,26,UCLA,UCLA Bruins,2774ae,68,1,31-5,Wildcats,https://a.espncdn.com/i/teamlogos/ncaa/500/77.png,NU,77,Northwestern,Northwestern Wildcats,582c83,63,0,22-12
Duke Blue Devils at Tennessee Volunteers,DUKE @ TENN,2023,3,post-season,401522166,s:40~l:41~e:401522166~c:401522166,2023-03-18T18:54Z,17298,STATUS_FINAL,national,CBS,22,2023-03-18T18:54Z,Volunteers,https://a.espncdn.com/i/teamlogos/ncaa/500/2633.png,TENN,2633,Tennessee,Tennessee Volunteers,ff8200,65,1,25-10,Blue Devils,https://a.espncdn.com/i/teamlogos/ncaa/500/150.png,DUKE,150,Duke,Duke Blue Devils,013088,52,0,27-9
Furman Paladins at San Diego State Aztecs,FUR @ SDSU,2023,3,post-season,401522167,s:40~l:41~e:401522167~c:401522167,2023-03-18T16:10Z,0,STATUS_FINAL,national,CBS,22,2023-03-18T16:10Z,Aztecs,https://a.espncdn.com/i/teamlogos/ncaa/500/21.png,SDSU,21,San Diego State,San Diego State Aztecs,BF2C37,75,1,29-6,Paladins,https://a.espncdn.com/i/teamlogos/ncaa/500/231.png,FUR,231,Furman,Furman Paladins,582c83,52,0,28-8
Princeton Tigers at Missouri Tigers,PRIN @ MIZ,2023,3,post-season,401522170,s:40~l:41~e:401522170~c:401522170,2023-03-18T22:10Z,0,STATUS_FINAL,national,TNT,22,2023-03-18T22:10Z,Tigers,https://a.espncdn.com/i/teamlogos/ncaa/500/142.png,MIZ,142,Missouri,Missouri Tigers,f1b82d,63,0,25-10,Tigers,https://a.espncdn.com/i/teamlogos/ncaa/500/163.png,PRIN,163,Princeton,Princeton Tigers,ff9408,78,1,23-8
Michigan State Spartans at Marquette Golden Eagles,MSU @ MARQ,2023,3,post-season,401522175,s:40~l:41~e:401522175~c:401522175,2023-03-19T21:15Z,0,STATUS_FINAL,national,CBS,22,2023-03-19T21:15Z,Golden Eagles,https://a.espncdn.com/i/teamlogos/ncaa/500/269.png,MARQ,269,Marquette,Marquette Golden Eagles,083963,60,0,29-7,Spartans,https://a.espncdn.com/i/teamlogos/ncaa/500/127.png,MSU,127,Michigan State,Michigan State Spartans,18453B,69,1,21-12
TCU Horned Frogs at Gonzaga Bulldogs,TCU @ GONZ,2023,3,post-season,401522178,s:40~l:41~e:401522178~c:401522178,2023-03-20T01:52Z,19229,STATUS_FINAL,national,TBS,22,2023-03-20T01:52Z,Bulldogs,https://a.espncdn.com/i/teamlogos/ncaa/500/2250.png,GONZ,2250,Gonzaga,Gonzaga Bulldogs,041e42,84,1,30-5,Horned Frogs,https://a.espncdn.com/i/teamlogos/ncaa/500/2628.png,TCU,2628,TCU,TCU Horned Frogs,4d1979,81,0,22-13
Saint Mary's Gaels at UConn Huskies,SMC @ CONN,2023,3,post-season,401522172,s:40~l:41~e:401522172~c:401522172,2023-03-19T22:10Z,0,STATUS_FINAL,national,TNT,22,2023-03-19T22:10Z,Huskies,https://a.espncdn.com/i/teamlogos/ncaa/500/41.png,CONN,41,UConn,UConn Huskies,0c2340,70,1,27-8,Gaels,https://a.espncdn.com/i/teamlogos/ncaa/500/2608.png,SMC,2608,Saint Mary's,Saint Mary's Gaels,d80024,55,0,27-8
Creighton Bluejays at Baylor Bears,CREI @ BAY,2023,3,post-season,401522179,s:40~l:41~e:401522179~c:401522179,2023-03-19T23:10Z,0,STATUS_FINAL,national,TBS,22,2023-03-19T23:10Z,Bears,https://a.espncdn.com/i/teamlogos/ncaa/500/239.png,BAY,239,Baylor,Baylor Bears,154734,76,0,23-11,Bluejays,https://a.espncdn.com/i/teamlogos/ncaa/500/156.png,CREI,156,Creighton,Creighton Bluejays,13299e,85,1,23-12
Pittsburgh Panthers at Xavier Musketeers,PITT @ XAV,2023,3,post-season,401522183,s:40~l:41~e:401522183~c:401522183,2023-03-19T16:10Z,0,STATUS_FINAL,national,CBS,22,2023-03-19T16:10Z,Musketeers,https://a.espncdn.com/i/teamlogos/ncaa/500/2752.png,XAV,2752,Xavier,Xavier Musketeers,002144,84,1,27-9,Panthers,https://a.espncdn.com/i/teamlogos/ncaa/500/221.png,PITT,221,Pittsburgh,Pittsburgh Panthers,003263,73,0,24-12
Kentucky Wildcats at Kansas State Wildcats,UK @ KSU,2023,3,post-season,401522180,s:40~l:41~e:401522180~c:401522180,2023-03-19T18:55Z,16517,STATUS_FINAL,national,CBS,22,2023-03-19T18:55Z,Wildcats,https://a.espncdn.com/i/teamlogos/ncaa/500/2306.png,KSU,2306,Kansas State,Kansas State Wildcats,633194,75,1,25-9,Wildcats,https://a.espncdn.com/i/teamlogos/ncaa/500/96.png,UK,96,Kentucky,Kentucky Wildcats,005DAA,69,0,22-12
Miami Hurricanes at Indiana Hoosiers,MIA @ IU,2023,3,post-season,401522173,s:40~l:41~e:401522173~c:401522173,2023-03-20T00:40Z,13984,STATUS_FINAL,national,TNT,22,2023-03-20T00:40Z,Hoosiers,https://a.espncdn.com/i/teamlogos/ncaa/500/84.png,IU,84,Indiana,Indiana Hoosiers,990000,69,0,23-12,Hurricanes,https://a.espncdn.com/i/teamlogos/ncaa/500/2390.png,MIA,2390,Miami,Miami Hurricanes,004325,85,1,27-7
Fairleigh Dickinson Knights at Florida Atlantic Owls,FDU @ FAU,2023,3,post-season,401522174,s:40~l:41~e:401522174~c:401522174,2023-03-20T00:06Z,19566,STATUS_FINAL,national,truTV,22,2023-03-20T00:06Z,Owls,https://a.espncdn.com/i/teamlogos/ncaa/500/2226.png,FAU,2226,Florida Atlantic,Florida Atlantic Owls,004B85,78,1,33-3,Knights,https://a.espncdn.com/i/teamlogos/ncaa/500/161.png,FDU,161,Fairleigh Dickinson,Fairleigh Dickinson Knights,28334a,70,0,21-16
Gonzaga Bulldogs at UCLA Bruins,GONZ @ UCLA,2023,3,post-season,401522186,s:40~l:41~e:401522186~c:401522186,2023-03-24T02:04Z,18544,STATUS_FINAL,national,CBS,22,2023-03-24T02:04Z,Bruins,https://a.espncdn.com/i/teamlogos/ncaa/500/26.png,UCLA,26,UCLA,UCLA Bruins,2774ae,76,0,31-6,Bulldogs,https://a.espncdn.com/i/teamlogos/ncaa/500/2250.png,GONZ,2250,Gonzaga,Gonzaga Bulldogs,041e42,79,1,31-5
Arkansas Razorbacks at UConn Huskies,ARK @ CONN,2023,3,post-season,401522188,s:40~l:41~e:401522188~c:401522188,2023-03-23T23:15Z,0,STATUS_FINAL,national,CBS,22,2023-03-23T23:15Z,Huskies,https://a.espncdn.com/i/teamlogos/ncaa/500/41.png,CONN,41,UConn,UConn Huskies,0c2340,88,1,28-8,Razorbacks,https://a.espncdn.com/i/teamlogos/ncaa/500/8.png,ARK,8,Arkansas,Arkansas Razorbacks,a41f35,65,0,22-14
Michigan State Spartans at Kansas State Wildcats,MSU @ KSU,2023,3,post-season,401522191,s:40~l:41~e:401522191~c:401522191,2023-03-23T22:30Z,0,STATUS_FINAL,national,TBS,22,2023-03-23T22:30Z,Wildcats,https://a.espncdn.com/i/teamlogos/ncaa/500/2306.png,KSU,2306,Kansas State,Kansas State Wildcats,633194,98,1,26-9,Spartans,https://a.espncdn.com/i/teamlogos/ncaa/500/127.png,MSU,127,Michigan State,Michigan State Spartans,18453B,93,0,21-13
Florida Atlantic Owls at Tennessee Volunteers,FAU @ TENN,2023,3,post-season,401522192,s:40~l:41~e:401522192~c:401522192,2023-03-24T01:36Z,19624,STATUS_FINAL,national,TBS,22,2023-03-24T01:36Z,Volunteers,https://a.espncdn.com/i/teamlogos/ncaa/500/2633.png,TENN,2633,Tennessee,Tennessee Volunteers,ff8200,55,0,25-11,Owls,https://a.espncdn.com/i/teamlogos/ncaa/500/2226.png,FAU,2226,Florida Atlantic,Florida Atlantic Owls,004B85,62,1,34-3
San Diego State Aztecs at Alabama Crimson Tide,SDSU @ ALA,2023,3,post-season,401522197,s:40~l:41~e:401522197~c:401522197,2023-03-24T22:30Z,0,STATUS_FINAL,national,TBS,22,2023-03-24T22:30Z,Crimson Tide,https://a.espncdn.com/i/teamlogos/ncaa/500/333.png,ALA,333,Alabama,Alabama Crimson Tide,9e1632,64,0,31-6,Aztecs,https://a.espncdn.com/i/teamlogos/ncaa/500/21.png,SDSU,21,San Diego State,San Diego State Aztecs,BF2C37,71,1,30-6
Miami Hurricanes at Houston Cougars,MIA @ HOU,2023,3,post-season,401522195,s:40~l:41~e:401522195~c:401522195,2023-03-24T23:15Z,0,STATUS_FINAL,national,CBS,22,2023-03-24T23:15Z,Cougars,https://a.espncdn.com/i/teamlogos/ncaa/500/248.png,HOU,248,Houston,Houston Cougars,c92a39,75,0,33-4,Hurricanes,https://a.espncdn.com/i/teamlogos/ncaa/500/2390.png,MIA,2390,Miami,Miami Hurricanes,004325,89,1,28-7
Xavier Musketeers at Texas Longhorns,XAV @ TEX,2023,3,post-season,401522194,s:40~l:41~e:401522194~c:401522194,2023-03-25T01:59Z,17429,STATUS_FINAL,national,CBS,22,2023-03-25T01:59Z,Longhorns,https://a.espncdn.com/i/teamlogos/ncaa/500/251.png,TEX,251,Texas,Texas Longhorns,c15d26,83,1,29-8,Musketeers,https://a.espncdn.com/i/teamlogos/ncaa/500/2752.png,XAV,2752,Xavier,Xavier Musketeers,002144,71,0,27-10
Princeton Tigers at Creighton Bluejays,PRIN @ CREI,2023,3,post-season,401522198,s:40~l:41~e:401522198~c:401522198,2023-03-25T01:27Z,20289,STATUS_FINAL,national,TBS,22,2023-03-25T01:27Z,Bluejays,https://a.espncdn.com/i/teamlogos/ncaa/500/156.png,CREI,156,Creighton,Creighton Bluejays,13299e,86,1,24-12,Tigers,https://a.espncdn.com/i/teamlogos/ncaa/500/163.png,PRIN,163,Princeton,Princeton Tigers,ff9408,75,0,23-9
UConn Huskies at Gonzaga Bulldogs,CONN @ GONZ,2023,3,post-season,401522190,s:40~l:41~e:401522190~c:401522190,2023-03-26T00:59Z,18119,STATUS_FINAL,national,TBS,22,2023-03-26T00:59Z,Bulldogs,https://a.espncdn.com/i/teamlogos/ncaa/500/2250.png,GONZ,2250,Gonzaga,Gonzaga Bulldogs,041e42,54,0,31-6,Huskies,https://a.espncdn.com/i/teamlogos/ncaa/500/41.png,CONN,41,UConn,UConn Huskies,0c2340,82,1,29-8
Florida Atlantic Owls at Kansas State Wildcats,FAU @ KSU,2023,3,post-season,401522193,s:40~l:41~e:401522193~c:401522193,2023-03-25T22:09Z,19680,STATUS_FINAL,national,TBS,22,2023-03-25T22:09Z,Wildcats,https://a.espncdn.com/i/teamlogos/ncaa/500/2306.png,KSU,2306,Kansas State,Kansas State Wildcats,633194,76,0,26-10,Owls,https://a.espncdn.com/i/teamlogos/ncaa/500/2226.png,FAU,2226,Florida Atlantic,Florida Atlantic Owls,004B85,79,1,35-3
Miami Hurricanes at Texas Longhorns,MIA @ TEX,2023,3,post-season,401522196,s:40~l:41~e:401522196~c:401522196,2023-03-26T21:10Z,17530,STATUS_FINAL,national,CBS,22,2023-03-26T21:10Z,Longhorns,https://a.espncdn.com/i/teamlogos/ncaa/500/251.png,TEX,251,Texas,Texas Longhorns,c15d26,81,0,29-9,Hurricanes,https://a.espncdn.com/i/teamlogos/ncaa/500/2390.png,MIA,2390,Miami,Miami Hurricanes,004325,88,1,29-7
Creighton Bluejays at San Diego State Aztecs,CREI @ SDSU,2023,3,post-season,401522199,s:40~l:41~e:401522199~c:401522199,2023-03-26T18:20Z,20051,STATUS_FINAL,national,CBS,22,2023-03-26T18:20Z,Aztecs,https://a.espncdn.com/i/teamlogos/ncaa/500/21.png,SDSU,21,San Diego State,San Diego State Aztecs,BF2C37,57,1,31-6,Bluejays,https://a.espncdn.com/i/teamlogos/ncaa/500/156.png,CREI,156,Creighton,Creighton Bluejays,13299e,56,0,24-13
Miami Hurricanes at UConn Huskies,MIA @ CONN,2023,3,post-season,401522201,s:40~l:41~e:401522201~c:401522201,2023-04-02T01:16Z,73860,STATUS_FINAL,national,CBS,22,2023-04-02T01:16Z,Huskies,https://a.espncdn.com/i/teamlogos/ncaa/500/41.png,CONN,41,UConn,UConn Huskies,0c2340,72,1,30-8,Hurricanes,https://a.espncdn.com/i/teamlogos/ncaa/500/2390.png,MIA,2390,Miami,Miami Hurricanes,004325,59,0,29-8
Florida Atlantic Owls at San Diego State Aztecs,FAU @ SDSU,2023,3,post-season,401522200,s:40~l:41~e:401522200~c:401522200,2023-04-01T22:09Z,73860,STATUS_FINAL,national,CBS,22,2023-04-01T22:09Z,Aztecs,https://a.espncdn.com/i/teamlogos/ncaa/500/21.png,SDSU,21,San Diego State,San Diego State Aztecs,BF2C37,72,1,32-6,Owls,https://a.espncdn.com/i/teamlogos/ncaa/500/2226.png,FAU,2226,Florida Atlantic,Florida Atlantic Owls,004B85,71,0,35-4
San Diego State Aztecs at UConn Huskies,SDSU @ CONN,2023,3,post-season,401522202,s:40~l:41~e:401522202~c:401522202,2023-04-04T01:20Z,72423,STATUS_FINAL,national,CBS,22,2023-04-04T01:20Z,Huskies,https://a.espncdn.com/i/teamlogos/ncaa/500/41.png,CONN,41,UConn,UConn Huskies,0c2340,76,1,31-8,Aztecs,https://a.espncdn.com/i/teamlogos/ncaa/500/21.png,SDSU,21,San Diego State,San Diego State Aztecs,BF2C37,59,0,32-7
